company_id,company_name
1,Company_001
2,Company_002
3,Company_003
4,Company_004
5,Company_005
6,Company_006
7,Company_007
8,Company_008
9,Company_009
10,Company_010
11,Company_011
12,Company_012
13,Company_013
14,Company_014
15,Company_015
16,Company_016
17,Company_017
18,Company_018
19,Company_019
20,Company_020
21,Company_021
22,Company_022
23,Company_023
24,Company_024
25,Company_025
26,Company_026
27,Company_027
28,Company_028
29,Company_029
30,Company_030
31,Company_031
32,Company_032
33,Company_033
34,Company_034
35,Company_035
36,Company_036
37,Company_037
38,Company_038
39,Company_039
40,Company_040
41,Company_041
42,Company_042
43,Company_043
44,Company_044
45,Company_045
46,Company_046
47,Company_047
48,Company_048
49,Company_049
50,Company_050
51,Company_051
52,Company_052
53,Company_053
54,Company_054
55,Company_055
56,Company_056
57,Company_057
58,Company_058
59,Company_059
60,Company_060
